{
    "anon-user": {
        "name": "anon-user",
        "type": "anon-user",
        "disabled": false
    },
    "api-key": {
        "name": "api-key",
        "type": "api-key",
        "disabled": true
    },
    "local-userpass": {
        "name": "local-userpass",
        "type": "local-userpass",
        "config": {
            "autoConfirm": true,
            "resetFunctionName": "resetFunc",
            "runConfirmationFunction": false,
            "runResetFunction": true
        },
        "disabled": false
    }
}
